{
   "id": "nz04ep2oorjo",
   "user_id": "lqzmleoly16v",
   "title": "PC Gaming de altas prestaciones.",
   "description": "Vendo por que ya no juego, la torre fue comprada en Junio del 2024 en una tienda de Barcelona. Se ha usado poco y tiene factura y garantia. Esta en un estado impecable, muy bien cuidada.\n-Caja para ordenador ASUS ROG Strix Helios GX601\n-Refrigeración líquida Corsair iCUE H150i RGB Elite\n-Asus ROG Strix X670E-E Gaming Wi-Fi Socket AM5\n-Asus ROG Strix RTX 4090 OC 24GB GDDR6X DLSS3\n-SSD Samsung 990 Pro M.2 PCIe 4 2TB con disipador\n-SSD Samsung 970 Evo Plus PCI3 3 2TB\n-AMD Ryzen 9 7950X3D Socket AM5\n-Corsair Vengeance RGB 64GB (2x32GB) 6000MHz DDR5 CL30\n-- Corsair HX1200i 1200W\n\nEl equipo se vende completo, nada suelto. Precio definitiv",
   "category_id": 24200,
   "price": {
      "amount": 3500,
      "currency": "EUR"
   },
   "images": [
      {
         "average_color": "13C1AC",
         "urls": {
            "small": "https://cdn.wallapop.com/images/10420/ie/eq/__/c10420p1112592775/i5484343822.jpg?pictureSize=W320",
            "medium": "https://cdn.wallapop.com/images/10420/ie/eq/__/c10420p1112592775/i5484343822.jpg?pictureSize=W640",
            "big": "https://cdn.wallapop.com/images/10420/ie/eq/__/c10420p1112592775/i5484343822.jpg?pictureSize=W800"
         }
      }
   ],
   "reserved": {
      "flag": false
   },
   "location": {
      "latitude": 41.36910807372046,
      "longitude": 2.1300578038884583,
      "postal_code": "08075",
      "city": "Barcelona",
      "region": "Cataluña",
      "region2": "Barcelona",
      "country_code": "ES"
   },
   "shipping": {
      "item_is_shippable": false,
      "user_allows_shipping": false
   },
   "favorited": {
      "flag": false
   },
   "bump": {
      "type": "none"
   },
   "web_slug": "torre-gaming-altas-prestaciones-1112592775",
   "created_at": 1742148949413,
   "modified_at": 1742149643156,
   "taxonomy": [
      {
         "id": 24200,
         "name": "Technology & electronics",
         "icon": "robot"
      },
      {
         "id": 24202,
         "name": "Computing: computers & tablets",
         "icon": null
      },
      {
         "id": 10309,
         "name": "Desktop Computers",
         "icon": null
      }
   ],
   "is_favoriteable": {
      "flag": true
   },
   "is_refurbished": {
      "flag": false
   },
   "is_top_profile": {
      "flag": false
   }
}